question,o_answer,e_answer
Where did Carl Sagan work during his career?,Cornell University,BBC
What specific role did Brandon Jennings fulfill on his team?,point guard,cornerback
Where did Philip Pullman have a professional affiliation during his career?,University of Oxford,University of London
From which nation does Gwendoline Christie hold citizenship?,United Kingdom,Australia
What specific role does Steve Mandanda typically fulfill on a team?,goalkeeper,goaltender
From which country does the sport of association football originate?,England,Italy
At which institution was John L. Hennessy employed during a certain period?,Stanford University,Harvard University
Who was Mary Anna Custis Lee married to?,Robert E. Lee,S. W. R. D. Bandaranaike
What role does N. Chandrababu Naidu play in his professional capacity?,politician,basketball player
Who penned the literary work titled 'Middlemarch'?,George Eliot,Søren Kierkegaard
Which country claims Jean-Jacques Beineix as one of its citizens?,France,United States of America
Where is the primary administrative center located for the institution known as the University of Cambridge?,Cambridge,"Washington, D.C."
Which country does Florin Mergea hold citizenship in?,Romania,Moldova
From which nation does Valerie Hobson hold citizenship?,United Kingdom,Australia
What type of athletic activity is typically associated with the role of a center?,basketball,rugby union
In which city did The Coca-Cola Company originate?,Atlanta,Glasgow
From which country does the sport of baseball originate?,United States of America,Canada
Which nation does Gerrit Rietveld hold citizenship in?,Kingdom of the Netherlands,France
What was the dominant religion or worldview associated with the Kingdom of Ireland?,Catholic Church,Zoroastrianism
Which television network originally aired the program titled 'The Day After'?,American Broadcasting Company,BBC
"Who penned the work titled ""Scots Wha Hae""?",Robert Burns,Aristotle
Where did Vladimir Nemirovich-Danchenko pass away?,Moscow,London
Where did Yevgeny Vakhtangov receive his education?,Moscow State University,University of Warsaw
Which country does Mohammad Reza Pahlavi hold citizenship in?,Iran,German Empire
What was the predominant faith or belief system associated with the Durrani Empire?,Islam,Zoroastrianism
In what city is the main location or headquarters of the University of East Anglia situated?,Norwich,London
What specific role did Kareem Abdul-Jabbar fulfill within his respective team or specialty?,center,midfielder
From which nation does George Foreman hold citizenship?,United States of America,Jamaica
Which nation is credited as the birthplace of the sport commonly played with basketball?,United States of America,Soviet Union
What religious affiliation is associated with the individual named Francis?,Catholic Church,Ethiopian Orthodox Tewahedo Church
What is the primary language spoken in the city of Joensuu?,Finnish,Esperanto
In which athletic discipline is Morten Olsen involved?,association football,basketball
Which country claims Stephon Marbury as a citizen?,United States of America,Italy
What language(s) does Hal Roach use for communication?,English,Japanese
In which city did Dolly Parton establish her work location?,Nashville,Sacramento
"Which network initially aired the television series titled ""Kingdom Hospital""?",American Broadcasting Company,BBC
Where was Hyundai Motor Company originally established?,Seoul,Busan
Where is the central administrative location of the University of Toronto situated?,Toronto,Florence
Where does Barbara Kopple hold her citizenship?,United States of America,Lebanon
Where was CBS established?,New York City,Chicago
Who holds the position of chairperson at Telmex?,Carlos Slim,Wang Yi
From which nation does Raheel Sharif hold citizenship?,Pakistan,Republic of Genoa
On which landmass is the country of Japan located?,Asia,Europe
Which company is responsible for producing the Chevrolet Camaro?,General Motors,Foxconn
Which company played a key role in the development of the Shuttle Carrier Aircraft?,Boeing,Google
"In which languages is Bennett Cerf proficient in speaking, writing, or signing?",English,Hebrew
In which realm did Matthias Corvinus hold his citizenship?,Kingdom of Hungary,Maratha Empire
Which company is responsible for the development of the Mac Pro?,Apple Inc.,Boeing
Where was Zeno of Elea born?,Velia,Riga
On which continent is the city of Los Angeles situated?,North America,South America
In which city is the headquarters location of the University of Glasgow situated?,Glasgow,Beijing
In what city did the band known as The Beatles originally form?,Liverpool,Bonn
In which location was Cecilia Cheung born?,British Hong Kong,New Zealand
In which location was Clare Boothe Luce born?,New York City,Chicago
Where did Charles Bell work during his career?,University of Edinburgh,BBC
In which city was the prominent figure Lao She born?,Beijing,Detroit
On which continent is the country of Germany located?,Europe,Australia
Who is the mastermind behind the character Hannibal Lecter?,Thomas Harris,Spede Pasanen
In which city is the headquarters location of the University of Bologna situated?,Bologna,Florence
Where did Lawrence Summers serve as an employer during his career?,Harvard University,Stanford University
What type of athletic activity does FC Augsburg engage in?,association football,Rugby
In which city did Alexander Lebedev conduct his professional activities?,Moscow,New York
"In what language did Margaret Mitchell communicate through speech, writing, or sign?",English,Japanese
Which company is responsible for the production of the AIM-9 Sidewinder?,Raytheon,Koninklijke Philips NV
What specific role or specialty did Kevin Nash have within his team?,center,goaltender
Where was John Dos Passos a citizen?,United States of America,Austria
On which landmass is the nation of France situated?,Europe,North America
In which city is Fraport's main operational center situated?,Frankfurt,Jakarta
"In which city did Philip Hammond work, based on the information about his work location?",London,Paris
In what city did Volvo Cars originate?,Gothenburg,Toronto
In which city did Kevin Federline come into formation?,Los Angeles,Helsinki
To which country does Bob Graham belong in terms of citizenship?,United States of America,Republic of Ireland
In which musical genre is Joshua Redman prominently recognized?,jazz,rock music
Who is responsible for producing the Chevrolet Suburban?,General Motors,Foxconn
Where is the central operating hub of BBC Online located?,London,New York City
Who initiated the establishment of the Legion of Honour?,Napoleon,Douglas Hyde
From which nation does the television series Ripper Street originate?,United Kingdom,France
Which institution was responsible for employing Isaac Newton during his notable period?,University of Cambridge,University of Bologna
What religious affiliation or worldview is associated with Bob Sheppard?,Catholic Church,Quakers
Who is responsible for the manufacturing of the beverage known as Coca-Cola?,The Coca-Cola Company,PepsiCo
From which nation does the publication known as Variety originate?,United States of America,United Kingdom
What belief system was embraced by the Yongle Emperor?,Buddhism,Islam
Who played a significant role in establishing the University of Utah?,Brigham Young,John D. Rockefeller
In which city is the headquarters of Kunstkamera located?,Saint Petersburg,Moscow
Where does Zell Miller hold citizenship?,United States of America,Canada
In which nation does Ellie Kemper hold citizenship?,United States of America,Canada
Who is the mastermind behind the creation of the character Vladimir Harkonnen?,Frank Herbert,William Shakespeare
Which company was responsible for the development of Windows Phone 7.x?,Microsoft,NeXT
What specific role does Darren Fletcher play on a team or what is his specialty in the realm of sports?,midfielder,cornerback
From which country does Bill Frist hold citizenship?,United States of America,Canada
Who was responsible for producing Windows Vista?,Microsoft,Raytheon Company
What role did Barbara Bush fulfill in her professional life?,politician,tennis player
In what athletic activity does Royale Union Saint-Gilloise participate?,association football,basketball
Which nation does Claudio Gentile hold citizenship in?,Italy,Argentina
From which nation does the A-4 Skyhawk originate?,United States of America,United Kingdom
"Who is known for performing the song ""Man in the Mirror""?",Michael Jackson,Justin Timberlake
Who is responsible for bringing the character Princess Zelda into existence?,Shigeru Miyamoto,Eiichiro Oda
Who played a pivotal role in the development of XPath?,World Wide Web Consortium,Xiaomi
Who was the spouse of the famous musician Elvis Presley?,Priscilla Presley,Lisa Marie Presley
"Which country does Norma Talmadge belong to, in terms of her citizenship?",United States of America,France
On which network did the show featuring the character Hannah Montana originally air?,Disney Channel,BBC
In which competitive arena does a goaltender typically participate?,ice hockey,pesäpallo
Which country claims David Crane as a citizen?,United States of America,Canada
"In what languages is Dolly Parton proficient in terms of speaking, writing, or signing?",English,Spanish
What work is Chris Carter known for as a notable contribution to his career?,The X-Files,Attack on Titan
In which country does Paul Pogba hold citizenship?,France,United States of America
In what athletic discipline does the Libya national football team actively participate?,association football,baseball
Which country does Don Bradman belong to in terms of citizenship?,Australia,England
"From which country does the film ""The Hangover"" originate?",United States of America,Saudi Arabia
"In the realm of team sports, what role does Thiago Motta typically fulfill on the field?",midfielder,goaltender
"In which language or languages is Kylie Minogue proficient in speaking, writing, or signing?",English,German
On which landmass is the city of Paris located?,Europe,Antarctica
Which company is responsible for the development of the gaming platform known as Xbox?,Microsoft,Nintendo
From which country does Noriyuki Iwadare hold citizenship?,Japan,Canada
Which nation claims Robert Henri as one of its citizens?,United States of America,Kingdom of the Netherlands
Which country claims Sue Grafton as a citizen?,United States of America,England
What faith does François Fillon adhere to?,Catholic Church,Church of Scotland
Which nation claims Yuval Ne'eman as a citizen?,Israel,Russian Empire
Who is currently at the helm as the chief executive officer of Toyota?,Akio Toyoda,Alwaleed Bin Talal Bin Abdulaziz Al Saud
In which sporting activity does the event 'Home Run Derby' take place?,baseball,football
Who is one of the offspring of Bill Clinton?,Chelsea Clinton,Carlos Kleiber
Who is the mastermind behind the creation of the character Dick Tracy?,Chester Gould,Stan Lee
What religious affiliation was associated with Bartolomé Esteban Murillo?,Catholic Church,Hinduism
What faith or belief system is associated with Go-Yōzei?,Buddhism,Islam
From which nation does Mohammad Najibullah hold citizenship?,Afghanistan,Chola dynasty
In which city did Oscar Wilde breathe his last?,Paris,Guangzhou
From which nation does the fictional character James Bond hold citizenship?,United Kingdom,United States of America
Where did Viktor Frankl work during his career?,University of Vienna,BBC
In which language was the film or TV show titled 'American Pie' originally produced?,English,French
From which country does the Falcon 9 originate?,United States of America,Canada
What role does Jordan Henderson typically fulfill on a team?,midfielder,shooting guard
What religious affiliation was associated with James II of Scotland during his reign?,Catholic Church,Buddhism
"On which network was the television show ""Baretta"" originally aired?",American Broadcasting Company,BBC
Which entity is responsible for the development of the operating system known as macOS?,Apple Inc.,Microsoft
Who is the creative mind behind the play titled 'The Merchant of Venice'?,William Shakespeare,Poul Anderson
In what type of athletic activity does Msida Saint-Joseph F.C. participate?,association football,basketball
Which country does Marshawn Lynch hold citizenship in?,United States of America,Jamaica
Where did Bob Dylan receive his education?,University of Minnesota,Duke University
In what city is the headquarters of Odeon Cinemas located?,London,Paris
What popular TV show is John Ratzenberger known for?,Cheers,Monk
What religious affiliation was held by Maria Theresa of Austria?,Catholic Church,Church of Scotland
From which country does the publication 'Die Welt' originate?,Germany,France
Where did P. D. James carry out her professional activities?,London,Oxford
From which nation does Doyle Brunson hold citizenship?,United States of America,India
From which nation does Lucas di Grassi hold citizenship?,Brazil,Mexico
In which nation was Nur Muhammad Taraki a citizen?,Afghanistan,Soviet Union
From which country does Zhang Yimou hold citizenship?,People's Republic of China,Ghana
Which company is responsible for producing the PlayStation 4 gaming console?,Sony Interactive Entertainment,Chrysler
What language(s) did L. Ron Hubbard use for communication?,English,Spanish
What language is primarily spoken in the city of Berlin?,German,Finnish
What belief system was adhered to by Dzhokhar Dudayev?,Islam,Catholic Church
What language holds the status of an official language in the United Kingdom?,English,Finnish
Which nation does Alexander Zhulin hold citizenship in?,Russia,Kazakhstan
"Who penned the book titled ""The Selfish Gene""?",Richard Dawkins,Charles Darwin
What role did Aristotle play in society during his lifetime?,philosopher,politician
"Which country can be associated with the citizenship of Nate ""Tiny"" Archibald?",United States of America,Sweden
Where was Alain Giresse born?,France,South Africa
Where did Nangklao meet his end?,Bangkok,Frankfurt
What was the religious affiliation or worldview of Hugo Kołłątaj?,Catholic Church,Zoroastrianism
Which country does Joe Nickell hold citizenship in?,United States of America,Canada
From which nation does Frank Miller hold citizenship?,United States of America,Peru
To which nation does Christopher Stevens hold citizenship?,United States of America,Australia
Where was Jenji Kohan born?,New York City,San Francisco
In which location did Mary Todd Lincoln pass away?,Springfield,Paris
What professional role does Philip Hammond hold in his career?,politician,basketball player
What type of sport events take place at FNB Stadium?,association football,baseball
Which company is credited with the development of ASP.NET?,Microsoft,Google
What religious affiliation is associated with Urban VI?,Catholic Church,Buddhism
"What language(s) is Daphne du Maurier proficient in speaking, writing, or signing?",English,Arabic
Who was responsible for the creation of the iPad 2?,Apple Inc.,Valve Corporation
On which landmass is the country of India located?,Asia,Africa
Who was Alva Myrdal married to?,Gunnar Myrdal,Karl Marx
Which company is responsible for the production of the RC-135 aircraft?,Boeing,Northrop Grumman
From which nation does Jayne Meadows hold citizenship?,United States of America,Canada
What language is designated as the official language in Helsinki?,Finnish,Swedish
From which nation does H. Rider Haggard hold citizenship?,United Kingdom of Great Britain and Ireland,Canada
Which country does Akira Kurosawa hold citizenship in?,Japan,Mexico
On which landmass is the city of Moscow located?,Europe,Antarctica
From which nation does the tradition of Halloween originate?,United States of America,United Kingdom
Where did Agnès Varda pass away?,Paris,Toledo
"In what language was the TV show ""Breaking Bad"" originally produced?",English,Brazilian Portuguese
What profession was William Shakespeare known for?,playwright,businessperson
What role does Huma Abedin play in her professional life?,politician,military personnel
For which company did Shigeru Miyamoto work during his career?,Nintendo,University of Oxford
Who is the mastermind behind the creation of the television series titled 'Downton Abbey'?,Julian Fellowes,Graham Greene
Which nation claims Benjamin Franklin as one of its citizens?,United States of America,New Zealand
From which country does Jaime Alguersuari hold citizenship?,Spain,Argentina
In which city did Sony Interactive Entertainment come into existence?,Tokyo,Chicago
Who was responsible for the establishment of the award known as the Victoria Cross?,Queen Victoria I,Gamal Abdel Nasser
Which nation does Adriano claim as his citizenship?,Brazil,United Kingdom
Which nation claims Oswald Pohl as its citizen?,Germany,Poland
Which nation claims George R. R. Martin as one of its citizens?,United States of America,United Kingdom
For which company did Steve Ballmer serve as an employer?,Microsoft,Bertelsmann
From which nation does Susan Blackmore hold citizenship?,United Kingdom,Canada
Where did Edward O. Wilson hold his professional position?,Harvard University,Yale University
Which company was responsible for the development of GarageBand?,Apple Inc.,Google
Where does Jasper Johns hold citizenship?,United States of America,France
From which nation does Tony Cascarino hold citizenship?,Ireland,Italy
"In what language is John Cleese proficient in speaking, writing, or signing?",English,German
Where did Jean Racine breathe his last breath?,Paris,San Antonio
Who is the creative mind behind the literary work titled 'The Silver Chair'?,C. S. Lewis,Paul Verlaine
Where did the origin of Christianity take place?,Jerusalem,Rome
From which nation does Gilda Radner hold citizenship?,United States of America,North Korea
Which company is responsible for the production of the aircraft model Il-18?,Ilyushin,Boeing
What type of competition was the UEFA Euro 2000 qualifying?,association football,Gaelic football
In what city did BioWare originate?,Edmonton,San Francisco
In which country does Jerry Stahl hold citizenship?,United States of America,Sweden
What belief system is adhered to by Lakhdar Brahimi?,Islam,Hinduism
In what language is Vogue published?,English,German
In which city was Alexey Pajitnov born?,Moscow,Delaware
Which nation claims Johann Gottlieb Fichte as one of its citizens?,Germany,Hungary
Which nation claims Carl Gustaf Wrangel as one of its citizens?,Sweden,Greece
Where did Henry James receive his education?,Harvard University,Yale University
From which nation does Ahmad Shah Massoud hold citizenship?,Afghanistan,Austrian Empire
What specific role did Arvydas Sabonis typically fulfill on a team?,center,point guard
From which nation does Steven R. McQueen hold citizenship?,United States of America,Sweden
On which continent is the Republic of the Congo located?,Africa,North America
Which company was responsible for producing the B-17 Flying Fortress?,Boeing,General Motors
Which nation claims Martin Luther King Jr. as one of its citizens?,United States of America,South Africa
Which country does Alex Riley hold citizenship in?,United States of America,People's Republic of China
Who is responsible for the development of the payment system known as Apple Pay?,Apple Inc.,Microsoft
What is the nationality of Peggy Ann Garner?,United States of America,Republic of Ireland
From which country does Peter Vermes hold citizenship?,United States of America,United Kingdom
Who is responsible for the development of the iPod Classic?,Apple Inc.,Sony Interactive Entertainment
Where did Doris Kearns Goodwin work during her career?,Harvard University,Stanford University
From which country does the sport of rugby union originate?,England,Australia
Which institution served as the employer for Jill Stein during her career?,Harvard University,Johns Hopkins University
What type of game does Major League Baseball involve?,baseball,Gaelic football
Who holds the position of chairperson for the team Real Madrid C?,Florentino Pérez,Silvio Berlusconi
What religious affiliation is associated with Joachim Murat?,Catholic Church,Islam
From which nation does Władysław Anders hold citizenship?,Poland,Sweden
Where is Liz Friedlander a citizen?,United States of America,France
Which country is Kimberly Williams-Paisley a citizen of?,United States of America,Canada
Where did William Lenthall receive his education?,University of Oxford,University of Würzburg
To which country did Wolfe Tone belong as a citizen?,Kingdom of Ireland,United Kingdom
Where was Butterfly McQueen a citizen?,United States of America,United Kingdom
In what city does the American Broadcasting Company operate from?,New York City,California
Which entity is responsible for the development of the App Store?,Apple Inc.,Boeing
Which country claims Josh McDermitt as a citizen?,United States of America,United Kingdom
Which nation claims Frank Lloyd Wright as one of its citizens?,United States of America,Japan
Who currently serves as the leader of the nation of Niger?,Mahamadou Issoufou,Elizabeth II
Which nation claims Marco Materazzi as one of its citizens?,Italy,United States of America
From which nation does Leon Brittan hold citizenship?,United Kingdom,United States of America
Who is the partner of George W. Bush?,Laura Bush,Richard D. Zanuck
Where did Edward Everett serve during his career?,Harvard University,Yale University
From which nation does Louis Henri Loison hold citizenship?,France,Argentina
From which nation does Lou Pearlman hold citizenship?,United States of America,Canada
Who is credited with writing about the life and times of Julius Caesar?,William Shakespeare,Aristotle
Who is currently leading the Nationalist Movement Party?,Devlet Bahçeli,Recep Tayyip Erdoğan
From which nation does the Leopard 2 originate?,Germany,Saudi Arabia
Who is the individual responsible for the creation of the platform known as Facebook?,Mark Zuckerberg,Marv Wolfman
From which nation does Hélder Postiga hold citizenship?,Portugal,Brazil
In what language was the original version of the film or TV show 'Blade Runner' produced?,English,Hindi
On which continent is the country of Canada located?,North America,Asia
In which nation does George Lucas hold citizenship?,United States of America,Israel
What specific role did Kasey Keller fulfill on a team?,goalkeeper,midfielder
What language is predominantly used as the official language in Moscow?,Russian,German
Where is the main administrative center situated for the University of Leeds?,Leeds,London
What type of athletic activity does F.C. Vizela engage in?,association football,baseball
Which country claims Tim Burton as one of its citizens?,United States of America,South Africa
On which landmass is the city of Mumbai located?,Asia,Australia
From which nation does Jean-Baptiste Joseph Delambre hold citizenship?,France,Venezuela
Where was Dusty Springfield born?,London,Los Angeles
Who is currently serving as the head of state for Italy?,Sergio Mattarella,Giuseppe Conte
"In the realm of basketball, what specific position or role did Patrick Ewing fulfill on the team?",center,goalkeeper
In which city was David Clifford Jewitt born?,London,Manchester
In what role did Baron Davis typically contribute to his team's performance?,point guard,defenseman
What company is responsible for the production of the Pontiac Grand Am?,General Motors,Nissan
Where was Néstor Kirchner primarily situated during his professional engagements?,Buenos Aires,Madrid
Which nation does Amy Poehler hold citizenship in?,United States of America,Canada
Where is the primary operational base situated for Marvel Comics?,New York City,Ürümqi
On which landmass is the United Kingdom located?,Europe,Insular Oceania
"In the realm of team sports, what specific role or position does Alberto Aquilani undertake?",midfielder,defenseman
"In what language(s) is Marvin Gaye proficient in speaking, writing, or signing?",English,French
From which nation does Florentino Pérez hold citizenship?,Spain,Portugal
Where was Jack Kirby born?,New York City,London
Which entity is responsible for the development of the video game known as Half-Life 2?,Valve Corporation,Ubisoft
From which nation does Fred Neil hold citizenship?,United States of America,Canada
Who was the life partner of C. S. Lewis?,Joy Davidman,Lucille Ball
Which country does Abel Gance hold citizenship in?,France,Italy
From which country does Ryu Seung-beom hold citizenship?,South Korea,Japan
From which nation does Ernest of Bavaria hold citizenship?,Germany,United Kingdom
What is the nationality of Tony La Russa?,United States of America,Canada
In which nation does Christina Grimmie hold citizenship?,United States of America,Germany
What is the religious or worldview affiliation of Mahmud I?,Islam,Zoroastrianism
Where is Nelson Mandela considered a citizen?,South Africa,Canada
From which country does the literary work 'Slaughterhouse-Five' originate?,United States of America,England
Which country does Geoffrey Rush hold citizenship in?,Australia,United Kingdom
Where was John McGahern a citizen of?,Ireland,Switzerland
Where did N. Chandrababu Naidu operate from during his professional endeavors?,Hyderabad,London
Where was Fatima Robinson born?,United States of America,Qatar
From which country does George Chakiris hold his citizenship?,United States of America,Greece
Who brought the character Hermione Granger to life in performances?,Emma Watson,Kylie Minogue
Who played a pivotal role in establishing the institution known as the Anne Frank House?,Otto Frank,Vincent van Gogh
Who is currently serving as the head of government for the region of Andhra Pradesh?,N. Chandrababu Naidu,Benjamin Netanyahu
Where did Oliver Wendell Holmes serve during his career?,Harvard University,Yale University
Which nation is Madame du Barry affiliated with in terms of citizenship?,France,Kingdom of Great Britain
Which nation does John Shadegg hold citizenship in?,United States of America,United Kingdom
Who was Sargent Shriver's partner in marriage?,Eunice Kennedy Shriver,Patricia Kennedy Lawford
What specific role did Brad Friedel fulfill on the team?,goalkeeper,defender
Which nation does Sami Hyypiä hold citizenship in?,Finland,Germany
Where is the central hub of operations for the Lagardère Group located?,Paris,London
Where was Allen Klein born or to which nation does he belong as a citizen?,United States of America,United Kingdom
In which nation does Robert Goulet hold citizenship?,United States of America,France
Where did Carl Schurz breathe his last?,New York City,Frankfurt
In which athletic activity is Reggie Miller involved?,basketball,association football
Where did Bob Dylan spend a significant amount of time during his career?,New York City,London
Where was Jack Kirby a citizen?,United States of America,Germany
Who is responsible for leading the government of Sweden?,Stefan Löfven,Gro Harlem Brundtland
Which nation does Lee Ann Womack hold citizenship in?,United States of America,Australia
In which athletic activity does Dino Zoff participate?,association football,rugby union
From which educational institution did Kim Ki-young receive his education?,Seoul National University,University of California
At which institution did Rem Koolhaas serve as an employer?,Harvard University,Stanford University
In which city did Tony Blair operate during his professional career?,London,Edinburgh
From which nation does Jayma Mays hold citizenship?,United States of America,Australia
From which nation does Donald Barthelme hold citizenship?,United States of America,United Kingdom
What belief system does Imelda Marcos adhere to?,Catholicism,atheism
Where did David Packard receive his education?,Stanford University,Harvard University
From which nation does Carlo Rubbia hold citizenship?,Italy,France
To which country does Noel Gallagher hold citizenship?,United Kingdom,Pakistan
Where did Dr. Seuss receive his education?,Dartmouth College,Humboldt University of Berlin
Who is the individual credited with establishing the Bayreuth Festival?,Richard Wagner,Dhirubhai Ambani
In what athletic activity does AS Beauvais Oise engage?,association football,basketball
What specific role did Rik Smits fulfill on his team during his career?,center,midfielder
Where was Oleg Gordievsky born?,Moscow,Berlin
In which musical style does Yasushi Akimoto primarily work?,J-pop,alternative metal
In which city did Anne de Montmorency meet his end?,Paris,Luxembourg
"In what languages is Mike Myers proficient in speaking, writing, or signing?",English,German
What language is commonly spoken in the country of Germany?,German,English
Who is responsible for the development of the iCloud service?,Apple Inc.,Microsoft
What was the profession of John Rolfe in the context of exploration and discovery?,explorer,actor
Which nation does Lily Cole hold citizenship in?,United Kingdom,United States of America
What religious or philosophical belief system was Maria Montessori associated with?,Catholic Church,Church of Scotland
Who was Catherine of Braganza married to during her lifetime?,Charles II of England,Jill Clayburgh
"From which nation does the film ""The Fugitive"" originate?",United States of America,Italy
In which athletic activity does Charlie Manuel have a notable involvement?,baseball,association football
Where did Margaret Mitchell pass away?,Atlanta,San Diego
Who holds the position of chairperson in the Scottish Government?,Nicola Sturgeon,Hussain Muhammad Ershad
Who played a key role in the development of the operating system known as Windows Phone?,Microsoft,IBM
What specific role did Nigel de Jong undertake on his team?,midfielder,goaltender
From which country do the Jonas Brothers originate?,United States of America,Canada
From which nation does Busby Berkeley hold citizenship?,United States of America,United Kingdom
From which nation does Jean Giraudoux hold citizenship?,France,Fiji
What language is designated as the official means of communication in Imatra?,Finnish,Esperanto
In what athletic activity does the Greece national football team participate?,association football,basketball
What is the belief system followed by Tom Cruise?,Scientology,Quakers
Which nation claims the citizenship of historical figure Philip the Good?,France,Germany
Where was Joan Leslie a citizen of?,United States of America,Iran
What faith or belief system was Frank Sinatra associated with throughout his life?,Catholic Church,Islam
"In what language was the literary work or name of ""The Jungle"" originally composed?",English,Spanish
Who currently holds the position of chairperson for the Fédération Internationale de l'Automobile?,Jean Todt,Vytautas Landsbergis
Where was Napoleon born?,Ajaccio,Corsica
"Who is the life partner of Henry Luce, the influential figure in publishing?",Clare Boothe Luce,Pablo Picasso
On which network did The Partridge Family originally air?,American Broadcasting Company,BBC
What role did Adolf Hitler hold during his lifetime?,statesperson,ice hockey player
Where did Harold Nicolson carry out his professional activities?,London,Jerusalem
In what language is the Dewey Decimal Classification system presented or named?,English,French
Who is responsible for the development of the software suite known as iLife?,Apple Inc.,Microsoft
"Which network originally aired the television show ""The Dating Game""?",American Broadcasting Company,BBC
Who penned the renowned literary work titled 'Anne of Green Gables'?,Lucy Maud Montgomery,Gabriel García Márquez
Which country does Julianne Nicholson hold citizenship in?,United States of America,United Kingdom
From which nation does Pat Symonds hold citizenship?,United Kingdom,Australia
From which nation does Dario Fo hold citizenship?,Italy,Colombia
Which nation does Marc Bolan hold citizenship in?,United Kingdom,India
To which country did Richard Brinsley Sheridan belong in terms of citizenship?,Kingdom of Ireland,Kingdom of Scotland
Where was Maria Schneider born and holds citizenship?,United States of America,France
Where did Karl Marx pass away?,London,Oslo
Who is the creative mind behind the creation of the literary work titled 'Dune'?,Frank Herbert,William Shakespeare
Who is the partner in the marriage of Liam Hemsworth?,Miley Cyrus,Julia Ward Howe
What type of activity does Panionios B.C. engage in?,basketball,association football
Which country can be attributed as the citizenship of Montserrat Caballé?,Spain,Italy
Where did the individuals known as the Chicago Boys receive their education?,University of Chicago,Yale University
"What is one of the languages in which Patrick Stewart is proficient in speaking, writing, or signing?",English,Malayalam
From which country does the musical genre of jazz originate?,United States of America,Romania
From which country does Hilary Mantel hold citizenship?,United Kingdom,Canada
What is the primary language in which Gloria Grahame communicates?,English,Italian
From which nation does Nathaniel Parker Willis hold citizenship?,United States of America,Canada
Where is the main operational hub of JD.com located?,Beijing,Shanghai
In which location did J. M. Barrie originate?,Kirriemuir,Rochester
Who is the artist or performer associated with the album titled 'Channel Orange'?,Frank Ocean,Alexandre Desplat
"What is one of the languages in which George R. R. Martin communicates through speech, writing, or sign?",English,French
Where did Johannes Kepler pursue his education?,University of Tübingen,McGill University
Which nation claims Emil Constantinescu as a citizen?,Romania,Tang dynasty
Which company is responsible for the manufacturing of the Chevrolet Caprice?,General Motors,Boeing
In which city is the main headquarters location of the University of Kiel situated?,Kiel,Munich
In which country was Grace Coolidge a citizen?,United States of America,France
Which country can be associated with the citizenship of Osamu Tezuka?,Japan,United States of America
Where did Lucan meet his demise?,Rome,Thebes
To which country does Kelly McGillis hold citizenship?,United States of America,Canada
From which country does the musical group Ikimono-gakari originate?,Japan,Kingdom of Great Britain
"In which language(s) is Shigeru Miyamoto proficient in speaking, writing, or signing?",Japanese,English
From which country does Melodifestivalen 2013 originate?,Sweden,France
In which country does Seth MacFarlane hold citizenship?,United States of America,United Kingdom
Where was Quentin Tarantino born and raised?,United States of America,Italy
Which country does Catherine Zeta-Jones hold citizenship in?,United Kingdom,Spain
In which nation was Jayavarman II a citizen?,Cambodia,Kingdom of Great Britain
"In the realm of basketball, what specific role does Rajon Rondo undertake on the team in terms of position played or specialty?",point guard,defenseman
What is the nationality of Sigmar Gabriel?,Germany,France
Which country can be attributed as the citizenship of Hitomi?,Japan,Philippines
Who holds the position responsible for directing or managing the Germany national football team?,Oliver Bierhoff,Ettore Bugatti
Where did Daniel Goleman hold a position during his career?,Harvard University,Columbia University
Where did Irving Kaplansky work during his career?,University of Chicago,Harvard University
What language(s) did Queen Victoria I utilize for communication?,English,Dutch
In which language is the content or title of the National Review predominantly presented?,English,Japanese
Where was the philosopher John Rawls a citizen of?,United States of America,United Kingdom
Where is the main administrative center situated for the University of Oxford?,Oxford,Frankfurt
What broader geographical region does Australia belong to?,Oceania,South America
Where is the central hub situated for the network known as MTV?,New York City,London
What is the nationality of William Rosecrans?,United States of America,Germany
Where did Tip O'Neill receive his education?,Boston College,Harvard University
From which country does Jorma Panula hold citizenship?,Finland,Malta
Who was responsible for creating the game known as Bejeweled?,PopCap Games,Boeing
From which nation does Henry J. Kaiser hold citizenship?,United States of America,Canada
From which nation did the production of 'Quo Vadis' originate?,United States of America,Italy
From which country did the Electric Light Orchestra originate?,United Kingdom,Canada
Which country can be attributed as the citizenship of Stubby Kaye?,United States of America,United Kingdom
Which nation does Tunku Abdul Rahman hold citizenship in?,Malaysia,Singapore
Who currently holds the position of chairperson for the Scottish National Party?,Nicola Sturgeon,Rick Perry
Who is the artist responsible for the performance of the song titled 'Born This Way'?,Lady Gaga,Beyoncé
On which landmass is Italy situated?,Europe,Insular Oceania
Who is responsible for directing or managing the operations of Valve Corporation?,Gabe Newell,Shigeru Miyamoto
Who is Amy Poehler's partner in life?,Will Arnett,David Tennant
Which country claims Jesper Kyd as its citizen?,Denmark,United States of America
"What languages does Uma Thurman communicate in, either verbally or through writing or signing?",English,Latin
Where was Maud Gonne a citizen?,Ireland,United Kingdom
In what type of competitive activity does Aurora Pro Patria 1919 participate?,association football,rugby union
In which region did Confucius primarily operate during his lifetime?,Lu,New York City
Which language holds the status of an official language in Spain?,Spanish,Walloon
Who currently holds the position of chairperson for the Pakistan Peoples Party?,Bilawal Bhutto Zardari,Ahmad Zahid Hamidi
From which nation does Gilbert Cates hold citizenship?,United States of America,Greece
In what athletic activity does a starting pitcher participate?,baseball,rugby union
Where did Sushma Swaraj pass away?,New Delhi,Saint Petersburg
In which professional field does Xavier Bettel engage as part of his occupation?,politician,statesperson
"From which country does the film ""Ghostbusters II"" originate?",United States of America,Sweden
Where did Walter Lippmann receive his education?,Harvard University,University of Chicago
In what role does Michael Wacha contribute to his team in the field of sports?,starting pitcher,point guard
Where was Phyllis Schlafly a citizen?,United States of America,France
Who is credited with the development of the video game Portal?,Valve Corporation,Ubisoft
Who is the creative mind behind the creation of the manga series titled 'One Piece'?,Eiichiro Oda,Philip Pullman
On which television network was the series 'The Unit' originally broadcasted?,CBS,TBS Holdings Inc.
Which nation claims Chen Guangcheng as one of its citizens?,People's Republic of China,United States of America
"Which network originally aired the television series ""Once Upon a Time""?",American Broadcasting Company,BBC
On which landmass is the country of Jamaica located?,North America,Antarctica
Which entity played a pivotal role in the development of the aircraft known as Tu-95?,Tupolev,Boeing
What language holds the status of the official language in Savonlinna?,Finnish,Esperanto
Which nation can be attributed as the country of citizenship for Margaret Bourke-White?,United States of America,Kingdom of the Netherlands
What faith or belief system does Hassanal Bolkiah adhere to?,Islam,traditionalist Catholicism
From which nation does Elbridge Gerry hold citizenship?,United States of America,Kingdom of the Netherlands
From which nation does André Campra claim citizenship?,France,United States of America
Who is Olympias' partner in the context of marital relations?,Philip II of Macedon,Gorm the Old
From which nation does Jacques Chirac hold citizenship?,France,Belgium
In which city did Vincent Auriol perform his duties?,Paris,Madrid
What language is designated as the official language in the city of Järvenpää?,Finnish,Esperanto
Who is credited with writing the First Epistle of John?,John the Evangelist,Alfonso X of Castile
Who is credited with bringing the character Luna Lovegood to life?,J. K. Rowling,Hideo Kojima
What is the religious or worldview affiliation of Sei Shōnagon?,Buddhism,Hinduism
"In which language(s) was Karl Marx proficient in speaking, writing, or signing?",German,English
Where was William Gillette a citizen?,United States of America,Canada
In which country does Wendell Pierce hold citizenship?,United States of America,Liberia
What religious or philosophical belief system did Zulfiqar Ali Bhutto adhere to?,Islam,Buddhism
Which company was responsible for producing the B-47 Stratojet aircraft?,Boeing,Nissan
On which continent is the country of Pakistan located?,Asia,North America
From which nation does Liam Fox hold citizenship?,United Kingdom,Canada
Who wrote the literary work titled 'Homage to Catalonia'?,George Orwell,Georg Lukács
Which nation claims Dina Meyer as one of its citizens?,United States of America,Australia
At which prestigious institution does Alan Dershowitz hold a position?,Harvard University,University of Chicago
On which continent is the city of San Francisco located?,North America,Africa
Who is Beyoncé's partner in marriage?,Jay-Z,Robert Holmes à Court
"In what languages is Hiromu Arakawa proficient in speaking, writing, or signing?",Japanese,Norwegian
"From which nation does the production ""A Thousand Clowns"" originate?",United States of America,Mexico
Where does Boris Johnson carry out his professional duties?,London,"Washington, D.C."
Which nation does Erwin Koeman hold citizenship in?,Kingdom of the Netherlands,Sweden
From which country does the musical group Edguy originate?,Germany,United Kingdom
In which city did Robert Peel carry out his professional activities?,London,Manchester
On which landmass is the nation of North Korea located?,Asia,Europe
Who currently holds the position of head of government for the region of West Bengal?,Mamata Banerjee,Kjell Magne Bondevik
From which nation does Meilen Tu hold citizenship?,United States of America,Australia
In which city was William Henry Perkin born?,London,Chicago
Which nation does Dick Ayers claim as his citizenship?,United States of America,United Kingdom
What language is recognized as the official language in Hämeenlinna?,Finnish,Esperanto
What role did José Mourinho fulfill within his team or what was his specialty during his career?,midfielder,goaltender
Which nation does Francis Fukuyama hold citizenship in?,United States of America,Japan
What religious or philosophical belief is associated with Lakshmi Mittal?,Hinduism,Judaism
Where did Fernando Arrabal receive his education?,University of Barcelona,Brasenose College
From which country does Joni Mitchell hold citizenship?,Canada,United States of America
"What is the primary language in which Ed Sheeran communicates through speech, writing, or signing?",English,Italian
From which country does Johann Friedrich Gmelin hold citizenship?,Germany,Sweden
Where is the main operational hub of Paramount Pictures located?,Los Angeles,London
Where was Cy Young born or where is he a citizen of?,United States of America,Greece
Which company played a significant role in the development of the B-47 Stratojet?,Boeing,Panasonic Holdings Corporation
Which country does Zygmunt Berling hold citizenship in?,Poland,Argentina
Which nation claims Barack Obama as one of its citizens?,United States of America,Indonesia
Who was responsible for the development of the operating system known as Windows 3.1x?,Microsoft,Canonical Group Limited
What nation does Andreas Brehme hold citizenship in?,Germany,Mexico
In which city was the headquarters of the entity associated with Packard located?,Detroit,Tallinn
Which country does Ghil'ad Zuckermann hold citizenship in?,Israel,Russian Empire
Where did Neil Cross receive his education?,University of Leeds,University of Michigan
Where did Dositej Obradović serve as an employee during his career?,University of Belgrade,University of Oxford
In which city was the artist Leon Kossoff born?,London,Paris
"In which language did P. G. Wodehouse communicate through speaking, writing, or signing?",English,German
Who is at the helm of leadership as the chief executive officer of Tencent?,Ma Huateng,Luca Cordero di Montezemolo
"From which nation does the series ""The Unit"" originate?",United States of America,South Korea
From which nation does Soong Ching-ling hold citizenship?,People's Republic of China,United States of America
"On which network was the television series ""Fantasy Island"" originally broadcast?",American Broadcasting Company,BBC
"What is one language in which Vytautas Landsbergis is proficient in speaking, writing, or signing?",Lithuanian,Italian
Which country does Hitomi Yaida hold citizenship in?,Japan,Poland
From which country does Greg Oden hold citizenship?,United States of America,Australia
From which country does Suzanne Collins hold citizenship?,United States of America,Canada
Which nation claims Jay Thomas as one of its citizens?,United States of America,People's Republic of China
Which nation claims John C. Stennis as a citizen based on his country of citizenship?,United States of America,Canada
In which athletic activity does the entity known as Bàsquet Manresa participate?,basketball,baseball
Who leads the executive management of Valve Corporation?,Gabe Newell,Tim Cook
In which country was Isambard Kingdom Brunel a citizen?,United Kingdom of Great Britain and Ireland,Scotland
Where was Thomas Harris born and raised?,United States of America,Germany
From which nation does Bhumibol Adulyadej hold citizenship?,Thailand,Australia
Who penned the work titled 'Rights of Man'?,Thomas Paine,Ferdowsikara
What is the dominant belief system associated with a Buddhist temple?,Buddhism,Islam
From which nation does Georges Bataille hold citizenship?,France,United States of America
"Who penned the novel titled ""Tender Is the Night""?",F. Scott Fitzgerald,Vladimir Lenin
From which nation does Wilhelm Solf hold citizenship?,Germany,Russia
Where is Hamid Karzai a citizen of?,Afghanistan,Duchy of Milan
In which city did Georges Cuvier pass away?,Paris,Berlin
What professional role is attributed to Yuriy Lutsenko in his career?,politician,comics artist
On which landmass is the country of Spain situated?,Europe,South America
Who is the entity responsible for the development of the software application known as iMovie?,Apple Inc.,Google
From which nation does André-Hercule de Fleury hold citizenship?,France,England
Who is the mastermind behind the creation of the film titled 'The Dark Knight'?,Christopher Nolan,Heath Ledger
Where did Hugo Grotius receive his education?,Leiden University,Miami University
Which nation is Xie Jun affiliated with in terms of citizenship?,People's Republic of China,United States of America
Where did Alan Guth conduct his professional activities?,Massachusetts Institute of Technology,"Academy of Fine Arts, Munich"
From which country does the musical genre of rock music originate?,United States of America,Spain
From which nation does Anthony Weiner hold citizenship?,United States of America,United Kingdom
In which nation did Sugawara no Michizane hold citizenship?,Japan,United States of America
Who was Robert F. Kennedy married to during his lifetime?,Ethel Skakel Kennedy,"Clementine Churchill, Baroness Spencer-Churchill"
What faith or belief system was associated with Catherine of Alexandria?,Christianity,Seventh-day Adventist Church
Where did Hubert Parry serve during his career?,University of Oxford,University of Sydney
"What language was Michelangelo proficient in, in terms of speaking, writing, or signing?",Italian,Latin
What is the religious affiliation or worldview of the individual known as Al-Amin?,Islam,Catholic Church
Where did Mozaffar ad-Din Shah Qajar pass away?,Tehran,Istanbul
Where did Lluís Domènech i Montaner receive his education?,University of Barcelona,Yale University
In which city is The Wharton School based?,Philadelphia,Chicago
What religious affiliation is commonly associated with Saint Michael's College?,Catholic Church,Church of Scotland
For which sports organization did Tony Parker serve as an employee during his career?,San Antonio Spurs,National Basketball Association
Who was responsible for creating and developing the operating system known as Windows 3.1?,Microsoft,Electronic Arts
Who is the partner in marriage or union with Ryan Phillippe?,Reese Witherspoon,Jennifer Aniston
Which nation claims Laisenia Qarase as a citizen?,Fiji,Australia
Who is the creative force behind the creation of the series 'Cardcaptor Sakura'?,Clamp,William Shakespeare
Which entity was responsible for the development of Mac OS X Lion?,Apple Inc.,Boeing
Which country does Gladys George hold citizenship in?,United States of America,Czechoslovakia
Where did John Hancock receive his education?,Harvard University,Stanford University
"In what language does Stephenie Meyer primarily communicate, whether spoken, written, or signed?",English,Spanish
Who currently leads the coaching staff of the New York Yankees?,Aaron Boone,Derek Jeter
What role does Sheikh Hasina hold in her professional capacity?,politician,tennis player
In which nation does Alessandra Daddario hold her citizenship?,United States of America,Austria
Where did Henry Wadsworth Longfellow work during his career?,Harvard University,University of Toronto
"From which country does the film ""A Beautiful Mind"" originate?",United States of America,Italy
Who currently holds the position of leading the government affairs in Portugal?,António Costa,Jefferson Davis
From which country does Stan Lee hold citizenship?,United States of America,Canada
Which nation does Patrick O'Neal hold citizenship in?,United States of America,Malaysia
In which city is Ilyushin's headquarters located?,Moscow,Novosibirsk
"What role did Juninho Paulista typically play on a team, showcasing his expertise in a specific area of the field?",midfielder,goalkeeper
From which nation does the publication known as Jeune Afrique originate?,France,Democratic Republic of the Congo
Where is the primary work hub for the artist Taylor Swift?,Nashville,London
Where is Chris Connor a citizen?,United States of America,France
Who was the partner of Louis VIII of France?,Blanche of Castile,Anne of Austria
To which country does Jérôme Lalande hold citizenship?,France,Italy
On which geographical landmass is South Korea located?,Asia,Australia
Which nation does Philip Norman hold citizenship in?,United Kingdom,Australia
Who was responsible for the establishment of the Independent Labour Party?,Keir Hardie,Takashi Murakami
Who was responsible for producing the B-29 Superfortress aircraft?,Boeing,PepsiCo
Who is the artist or performer associated with the song titled 'Jolene'?,Dolly Parton,Taylor Swift
Who is credited with formulating Hilbert's problems?,David Hilbert,Christopher Hitchens
From which nation does David Dixon Porter hold citizenship?,United States of America,Canada
From which country does Luther Vandross hold citizenship?,United States of America,England
In which athletic activity does Chris Gunter participate?,association football,baseball
What language holds the status of an official language in Japan?,Japanese,English
Who is responsible for directing/managing operations at Epic Games?,Tim Sweeney,Mark Zuckerberg
"During his career, at which academic institution was Carl Rogers employed?",University of Chicago,Stanford University
Who is the mind behind the character known as Captain Nemo?,Jules Verne,William Augustus Wellman
From which nation does Richard Attenborough hold his citizenship?,United Kingdom,Australia
In which country does William James hold citizenship?,United States of America,United Kingdom
What renowned piece of work is associated with Mario Puzo as a notable accomplishment?,The Godfather,Billy Elliot the Musical
Where is the primary operational center situated for Apple Inc.?,Cupertino,"Washington, D.C."
Which nation does Laurent de Gouvion Saint-Cyr owe their citizenship to?,France,United States of America
Which country claims Rob Schneider as one of its citizens?,United States of America,Germany
Who penned the philosophical work titled 'The Republic'?,Plato,Aristotle
Who is the creative mind behind the literary work titled 'American Gods'?,Neil Gaiman,Maria von Trapp
From which nation does George Mikan hold citizenship?,United States of America,Russia
From which nation does General Motors originate?,United States of America,Canada
Which company played a key role in the development of the operating system known as Windows 95?,Microsoft,Google
"In what language did John Keats express himself through speaking, writing, or signing?",English,Italian
In which country was Augustinas Voldemaras a citizen?,Lithuania,Duchy of Lorraine
In which city does Norman Lamont conduct his professional activities?,London,Berlin
Who is Mimi Rogers' partner in the context of a marital relationship?,Tom Cruise,Pauline Bonaparte
On which continent is the country Argentina located?,South America,Asia
Where did Increase Mather receive his education?,Harvard University,Yale University
Which nation is credited as the originating source of the production of China Beach?,United States of America,Australia
Who is responsible for the development of Kubuntu?,Canonical Group Limited,World Wide Web Consortium
Which nation claims the citizenship of Hope Lange?,United States of America,Canada
Which nation claims John Wycliffe as one of its citizens?,Kingdom of England,New Zealand
Where did Stephenie Meyer pursue her education?,Brigham Young University,Harvard University
Who currently holds the position of head of state for the Isle of Man?,Elizabeth II,Boris Johnson
From which nation does Norman Lear hold citizenship?,United States of America,Canada
Where is the primary operational base for Benjamin Netanyahu?,Jerusalem,London
Where was the renowned author Ernest Hemingway born?,Oak Park,Boston
Where did Dōgen pass away?,Kyoto,Tokyo
From which nation does Ichijō hold citizenship?,Japan,Norway
In what language is the Daily Planet's work or name expressed?,English,Serbian
Which nation claims Tom Ford as a citizen?,United States of America,Kingdom of Great Britain
Who played a significant role in establishing Universal Motown Records?,Berry Gordy,Albert Grossman
From which country did the Mauser C96 originate?,German Empire,Australia
Who was Ted Hughes married to?,Sylvia Plath,Roy Orbison
In which city does Justin Trudeau carry out his professional responsibilities?,Ottawa,Montreal
In which city does Yvette Cooper carry out her professional activities?,London,Bonn
Which nation is David Mundell affiliated with in terms of citizenship?,United Kingdom,Spain
From which country does Casey Robinson hold citizenship?,United States of America,United Kingdom
What city serves as the political and administrative center of Mexico?,Mexico City,Oldenburg
Who holds the position of chairperson for The Trump Organization?,Donald Trump,Rick Perry
Who is the partner of Coretta Scott King in the context of marriage?,Martin Luther King Jr.,Duff Cooper
Where did William Withering receive his education?,University of Edinburgh,University of Oxford
For which organization did Aldrich Ames work during his career?,Central Intelligence Agency,BBC
Which company produced the N-Gage device?,Nokia,Toyota
From which country does the literary work 'A Farewell to Arms' originate?,United States of America,Italy
Which country is credited as the origin of the production for 'All About Eve'?,United States of America,United Kingdom
Where did the poet John Keats pass away?,Rome,Florence
Which continent is the country Denmark located on?,Europe,South America
Where did William James work during his career?,Harvard University,Columbia University
Who is currently leading the government of Madhya Pradesh?,Shivraj Singh Chauhan,Salva Kiir Mayardit
Which nation claims Htin Kyaw as one of its citizens?,Myanmar,Kingdom of the Netherlands
What role is Anthony Weiner known for in his professional career?,politician,king
Who leads the political party known as Likud as its chairperson?,Benjamin Netanyahu,Andres Bonifacio
Who penned the literary work titled 'The Andromeda Strain'?,Michael Crichton,Multatuli
From which country does the production 'Ransom' originate?,United States of America,United Kingdom
In which nation does Ivanka Trump hold citizenship?,United States of America,Canada
Who currently holds the position of chief executive officer at Tesla?,Elon Musk,Adam Sandler
Which country does Shigeru Miyamoto hold citizenship in?,Japan,United States of America
To which country does Caroline Lucas hold citizenship?,United Kingdom,Vietnam
Which nation claims William Herndon as one of its citizens?,United States of America,United Kingdom
From which nation does the character Carrie originate?,United States of America,Australia
Which nation does Fernando Lugo hold citizenship in?,Paraguay,United Kingdom
On which landmass is the city of Boston located?,North America,Asia
From which nation does Jamie Lee Curtis hold citizenship?,United States of America,Canada
From which nation does Ronnie Coleman hold citizenship?,United States of America,Bangladesh
Where was Laurie Metcalf born or holds her citizenship?,United States of America,Canada
Where was Joe Cocker a citizen of?,United Kingdom,Australia
"In the realm of sports, what role or specialty is associated with José Luis Chilavert?",goalkeeper,shooting guard
What type of competition is the Senegal national football team involved in?,association football,baseball
Who currently holds the highest governmental position in England?,Elizabeth II,Harald V of Norway
Which country claims Owen Pallett as one of its citizens?,Canada,Australia
"From which nation does the film ""The Mummy Returns"" originate?",United States of America,Mexico
Which company is responsible for producing the Volkswagen Phaeton?,Volkswagen Group,Texas Instruments
In which city did Elizabeth Dole hold her professional responsibilities?,"Washington, D.C.",Charlotte
In which city did Marvin Gaye pass away?,Los Angeles,London
From which nation does David Hasselhoff hold citizenship?,United States of America,Kingdom of the Netherlands
From which nation does Li Ting hold citizenship?,People's Republic of China,Israel
Which nation does Agnieszka Holland claim as her citizenship?,Poland,United States of America
What profession is Steffi Graf known for?,tennis player,politician
Where was Jerry Fodor born and raised?,United States of America,Italy
What is the religious affiliation or worldview associated with Clare of Assisi?,Catholic Church,Church of Scotland
What nation's citizenship was held by the individual known as Jean-Claude Duvalier?,Haiti,Australia
Where was Dougray Scott born or holds citizenship?,United Kingdom,Australia
What religious affiliation was attributed to Adrian I during his reign?,Catholic Church,Sikhism
Where was Thomas Dolby born?,London,Los Angeles
Who penned the literary work titled 'The Grapes of Wrath'?,John Steinbeck,Ursula K. Le Guin
"Which network initially aired the television series ""Lost""?",American Broadcasting Company,BBC
What is the primary language spoken in Tornio?,Finnish,Esperanto
Which country does Katie Taylor hold citizenship in?,Ireland,Poland
What significant literary creation is attributed to Vyasa?,Mahabharata,The Simpsons
What religious affiliation or worldview was associated with Jean-Baptiste Colbert?,Catholic Church,Buddhism
What is the religious or worldview affiliation of Hannah Arendt?,Judaism,Buddhism
From which nation does the musical group U2 originate?,Ireland,United States of America
From which country does Hyun Bin hold citizenship?,South Korea,North Korea
In which athletic activity does the event called the NBA All-Star Game take place?,basketball,association football
In what type of sport does Kilmarnock F.C. participate?,association football,basketball
On which continent is the city of Detroit located?,North America,Europe
From which country does Dirk Nowitzki hold citizenship?,Germany,Canada
Who was responsible for the development of the Blue Screen of Death?,Microsoft,IBM
In which nation is Chen Kun a citizen?,People's Republic of China,United States of America
From which country does the TV series 'Victorious' originate?,United States of America,United Kingdom
From which nation does Dina Merrill hold her citizenship?,United States of America,Switzerland
From which country does Rumiko Takahashi hold citizenship?,Japan,South Korea
What prominent project is Michelle Dockery recognized for in her career?,Downton Abbey,Mona Lisa
Where was Clara Bow born?,United States of America,Norway
Who produced the iPhone 4?,Apple Inc.,Samsung Electronics
What specific role did Oliver Kahn fulfill within his team?,goalkeeper,midfielder
In which sport is Dougie Freedman involved?,association football,basketball
Where did William Shakespeare pass away?,Stratford-upon-Avon,Woodland Hills
"In the realm of basketball, what specific role or position does Ricky Rubio undertake on the team?",point guard,defender
Which country does Aki Toyosaki hold citizenship in?,Japan,Canada
Who is credited as the creative mind behind the literary work titled 'Hamlet'?,William Shakespeare,Gabriel García Márquez
"On which network was the television series ""Black-ish"" originally broadcast?",American Broadcasting Company,BBC
Which company played a significant role in the development of the Server Message Block (SMB) protocol?,Microsoft,Oracle
From which country does Catriona Matthew hold citizenship?,United Kingdom,Australia
What is the religious affiliation or worldview of Queen Rania of Jordan?,Islam,Buddhism
Where did Nicola Sturgeon receive her education?,University of Glasgow,"University of California, Los Angeles"
Who is credited with writing the philosophical work titled 'Phaedo'?,Plato,Aristotle
On which landmass is the nation of Greece situated?,Europe,Asia
What type of matches take place at Red Star Stadium?,association football,baseball
Where did the formation of the musical group The Clash take place?,London,Toronto
Who is the creative mind behind the literary work titled 'Much Ado About Nothing'?,William Shakespeare,Umberto Eco
Which country does Christoph Blocher hold citizenship in?,Switzerland,United States of America
Who is the partner or spouse of Nicolas Sarkozy?,Carla Bruni,La Monte Young
For which institution did Henry Adams work during his career?,Harvard University,Johns Hopkins University
"Which network originally aired the television series ""American Crime""?",American Broadcasting Company,BBC
From which country does Mika Salo hold citizenship?,Finland,Morocco
Which nation claims Dariush Mehrjui as one of its citizens?,Iran,France
From which nation does Tomáš Berdych hold citizenship?,Czech Republic,Slovakia
From which nation does Bertrand du Guesclin hold citizenship?,France,United Kingdom
Where did Jacob Bernoulli conduct his academic work?,University of Basel,Leipzig University
Who played a crucial role in the development of iOS 10?,Apple Inc.,Microsoft
Which company is responsible for producing Windows 2000?,Microsoft,IBM
From which country does Michael Finley hold citizenship?,United States of America,Italy
Which country does Kevin Williamson hold citizenship in?,United States of America,Canada
What was the religious or worldview affiliation of François Rabelais?,Catholic Church,Christian Science
In which language or languages was Eugene O'Neill proficient in communication?,English,Japanese
What was the predominant religion or worldview associated with Austria-Hungary during its existence?,Catholic Church,atheism
From which nation does Léon Degrelle hold citizenship?,Belgium,Spain
From which nation does Jacques Thibaud hold citizenship?,France,Germany
In what type of competitive activity does NK Nafta Lendava engage?,association football,basketball
Where was Carl Franklin born and raised?,United States of America,United Kingdom
"From which nation does the film ""Little Miss Sunshine"" originate?",United States of America,Australia
What was the predominant faith or belief system observed in Bahawalpur State?,Islam,Catholic Church
Where was the renowned artist Richard Serra born?,San Francisco,New York City
From which nation does Cannonball Adderley hold citizenship?,United States of America,France
What language is part of Juha Sipilä's linguistic repertoire?,Finnish,Esperanto
Who is responsible for bringing the character Indiana Jones to life?,George Lucas,A. A. Milne
Who is credited with penning the renowned Earthsea series?,Ursula K. Le Guin,Jean Racine
What type of writing is associated with the works of Lucy Maud Montgomery?,children's literature,contemporary R&B
From which nation does Jean-Pierre Léaud hold citizenship?,France,Germany
What role or profession does Amit Shah hold in his career?,politician,musician
In what city did Horace Walpole pass away?,London,Cambridge
Who is credited with the inception of the Linux kernel?,Linus Torvalds,Leo X
What specific role did Raul Meireles fulfill within his team?,midfielder,defenseman
What country claims Winston Churchill as one of its citizens?,United Kingdom,France
What type of game does FC Vorskla Poltava participate in?,association football,Rugby
Which nation does Gordon Moore hold citizenship in?,United States of America,Canada
Where did the formation of the musical group Jamiroquai occur?,London,Toronto
Which country does Peter Green hold citizenship in?,United Kingdom,Germany
"On which network was the television show ""Moonlighting"" originally aired?",American Broadcasting Company,BBC
"Who is the artist responsible for performing the song ""Times They Are a-Changin'""?",Bob Dylan,Michael Jackson
What organization was Paul G. Allen associated with as an employer?,Microsoft,AOL
Where was Mary Stuart Masterson born and raised?,United States of America,People's Republic of China
Which entity played a significant role in the development of OS X Mountain Lion?,Apple Inc.,Sony Interactive Entertainment
Who is the creative mind behind the creation of the detective series titled 'Detective Conan'?,Gosho Aoyama,Abraham Maslow
Who was the life partner of Martin Luther King Jr.?,Coretta Scott King,Joe Biden
What faith tradition or belief system was embraced by Leo IV?,Catholic Church,Buddhism
From which nation does the RIM-2 Terrier originate?,United States of America,Ukraine
Who penned the literary work titled 'A Midsummer Night's Dream'?,William Shakespeare,Harvey Kurtzman
"On which network did the show ""Roseanne"" originally air?",American Broadcasting Company,BBC
Where did Joseph Story receive his education?,Harvard University,Yale University
Who holds the top leadership position at Twitter?,Jack Dorsey,Bernard Arnault
Where did Olga of Kiev meet her demise?,Kyiv,Rodez
From which country does Alanis Morissette hold citizenship?,Canada,France
Which country does Rex Harrison claim citizenship to?,United Kingdom,Australia
In which city is Raytheon's headquarters located?,Waltham,Brussels-Capital Region
Which organization was responsible for broadcasting the 85th Academy Awards?,American Broadcasting Company,BBC
"What language was utilized by Andreas Vesalius in his communication, both spoken and written?",Latin,Swedish
What language is known to be used by Marv Wolfman in communication?,English,Swedish
Which nation does Yulia Lipnitskaya hold citizenship in?,Russia,Latvia
What specific role did Pablo Aimar typically fulfill within a team?,midfielder,goalkeeper
Where did António de Oliveira Salazar receive his education?,University of Coimbra,Sorbonne University
"In what language did Washington Irving communicate through speech, writing, or sign?",English,Dutch
On which landmass is the country of Iran located?,Asia,North America
Which country does Alan Hollinghurst hold citizenship in?,United Kingdom,Australia
From which nation does Ivo Karlović hold citizenship?,Croatia,Serbia
Who is the mastermind behind the creation of the character Monkey D. Luffy?,Eiichiro Oda,Osamu Tezuka
From which country does the literary work 'Les Misérables' originate?,France,Italy
What religious affiliation is attributed to Florence Cathedral?,Catholic Church,Islam
In what city is the main campus of Harvard University located?,Cambridge,San Francisco
On which continent is the city of Beijing situated?,Asia,North America
In which city did Eldar Ryazanov pass away?,Moscow,Thiruvananthapuram
What specific role did Bob Cousy fulfill on his team?,point guard,center
What role does Rodrigo Duterte hold in his professional capacity?,politician,cricketer
Where is the primary operating base of Vladimir Zhirinovsky located?,Moscow,Vienna
What is the religious or worldview affiliation of Alassane Dramane Ouattara?,Islam,Catholic Church
In what language did William Shakespeare primarily communicate through his works?,English,French
What language is designated as the official language in the city of Kotka?,Finnish,Esperanto
Which nation does George David Weiss hold citizenship in?,United States of America,Canada
"From which nation does the product known as ""Harpoon"" originate?",United States of America,Japan
Which network initially aired the television series NYPD Blue?,American Broadcasting Company,BBC
Where was David Farragut a citizen of?,United States of America,France
Which network originally aired the television series titled 'The Fugitive'?,American Broadcasting Company,BBC
What type of athletic activity is pursued by Hvidovre IF?,association football,rugby union
On which network was the television series 'Ugly Betty' originally broadcast?,American Broadcasting Company,BBC
Which educational institution was George Santayana affiliated with as an employer?,Harvard University,University of Chicago
Where is the birthplace of the fashion designer Thierry Mugler?,France,United States of America
What religious or worldview affiliation is associated with Raúl Alfonsín?,Catholic Church,Christian Science
In which city was William Randolph Hearst born?,San Francisco,Chiba
Which country does Tomokazu Seki hold citizenship in?,Japan,United States of America
Who developed the set of mathematical principles known as Hilbert's axioms?,David Hilbert,Carl Friedrich Gauss
"In what language or languages was Jim Henson proficient in speaking, writing, or signing?",English,German
What language was Sylvia Plath proficient in?,English,Turkish
Where did Annalee Newitz receive their education?,"University of California, Berkeley",Stanford University
From which country does Ukrayinska Pravda originate?,Ukraine,Saudi Arabia
Which country is Elizabeth Perkins a citizen of?,United States of America,Australia
In which language was the original version of the series 'Rurouni Kenshin' produced?,Japanese,English
Who is responsible for producing the beverage known as Fanta?,The Coca-Cola Company,PepsiCo
From which nation does The Orange County Register originate?,United States of America,Canada
What religious affiliation or worldview is associated with Innocent III?,Catholic Church,Islam
What specific role did Carlos Boozer fulfill on his team?,power forward,shooting guard
In what competitive field did Yao Ming achieve fame and recognition?,basketball,baseball
"In the realm of basketball, what specific role or position does Tony Parker assume on a team?",point guard,shooting guard
What type of competition is associated with the San Antonio Spurs?,basketball,rugby union
What religious affiliation was Clement XIV associated with?,Catholic Church,Quakers
In what field did Jerry West excel professionally?,basketball,association football
From which country does C. S. Lewis hold citizenship?,United Kingdom,Papal States
What religious affiliation does Ryan Murphy adhere to or identify with?,Catholic Church,Scientology
What religious affiliation or worldview was Nicolas Malebranche associated with?,Catholic Church,Zoroastrianism
Who is credited with bringing the magical world of Harry Potter to life?,J. K. Rowling,Dawn French
Who is Miranda Lambert's partner in life?,Blake Shelton,Queen Rania of Jordan
What religious affiliation is associated with Pius VI?,Catholic Church,Jainism
From which country do the members of the musical duo 'Daft Punk' originate?,France,Hong Kong
What specific role did Yossi Benayoun fulfill within his team?,midfielder,defender
What type of competition is the FIFA Confederations Cup?,association football,Muay Thai
In which city is de Havilland Canada headquartered?,Toronto,Vancouver
What type of competition is Eliteserien known for?,association football,rugby
In which sport does Luka Modrić excel professionally?,association football,rugby
What is the religious affiliation or worldview of Enrique Peña Nieto?,Catholic Church,Zoroastrianism
What specific role did John Stockton fulfill on his team?,point guard,goalkeeper
In which athletic activity does Pim Verbeek participate professionally?,association football,basketball
What religious affiliation is associated with St. Bonaventure University?,Catholic Church,Church of Scotland
From which country does Tim Berners-Lee hold citizenship?,United Kingdom,Canada
What role did David Beckham typically fulfill on his team?,midfielder,safety
What specific role did Gary Payton fulfill on his team during his career?,point guard,shooting guard
In which sporting activity does Manu Ginóbili excel?,basketball,association football
In which athletic activity does Jason Williams participate?,basketball,association football
What type of athletic activity is associated with Enosis Neon Paralimni FC?,association football,rugby
"In basketball, what specific role did Dikembe Mutombo fulfill on his team?",center,midfielder
What religious affiliation is attributed to the Dominican Order?,Catholic Church,Church of Scotland
From which nation does the musical genre K-pop originate?,South Korea,Germany
Who penned the book titled 'The God Delusion'?,Richard Dawkins,Kurt Vonnegut
In which nation did Grant Wood hold his citizenship?,United States of America,Grand Duchy of Lithuania
Which athletic activity is associated with the team called AC Nagano Parceiro?,association football,baseball
What religious denomination or belief system was associated with Innocent X?,Catholic Church,Quakers
From which nation did Saddam Hussein hold citizenship?,Iraq,Saudi Arabia
What specific role did Carlo Cudicini fulfill within his team or specialty?,goalkeeper,defenseman
Where was Peter Forsskål born?,Helsinki,Berlin
Which nation claims Will Wright as one of its citizens?,United States of America,Australia
What religious affiliation was held by Lucius III?,Catholic Church,Quakers
In what type of athletic activity does S.S. Sambenedettese Calcio partake?,association football,rugby
In which musical style did Jelly Roll Morton make significant contributions?,jazz,dancehall
What religious affiliation or worldview is associated with László Sólyom?,Catholic Church,Taoism
What religious affiliation or worldview was held by Boniface IX?,Catholic Church,Christian Science
What faith or belief system does Leon Panetta adhere to?,Catholic Church,Church of Scotland
From which nation does Anthony Burgess hold citizenship?,United Kingdom,Malaysia
In which city is the main headquarters of the University of Chile located?,Santiago,Boston
Which type of football is played by the team Real Salt Lake?,association football,basketball
"Who is the artist responsible for the album titled ""FutureSex/LoveSounds""?",Justin Timberlake,Beyoncé
What type of athletic activity is associated with Joakim Noah?,basketball,association football
In which field did George Gervin excel professionally?,basketball,baseball
What faith or belief system did Paul V adhere to?,Catholic Church,Christianity
Where did Pablo Neruda receive his education?,University of Chile,The Wharton School
In what type of athletic activity is Burnley F.C. engaged?,association football,rugby
In which athletic activity does Jaap Stam actively participate?,association football,basketball
What religious affiliation or belief system is associated with Mellitus?,Catholic Church,Church of Scotland
What religious affiliation was held by Innocent XII?,Catholic Church,Church of Scotland
What specific role did Luciano Spalletti fulfill in the context of a team's playing positions or specialties?,midfielder,safety
From which country does the media outlet known as ESPN originate?,United States of America,Canada
In which sport did Peter Shilton excel professionally?,association football,rugby
What religious affiliation or belief system is associated with Charles III Philip?,Catholic Church,Buddhism
What religious affiliation was associated with Mobutu Sese Seko during his lifetime?,Catholic Church,Christianity
Who is currently leading and serving as the chairperson of FIFA?,Gianni Infantino,Vitali Klitschko
In which athletic activity does Atlético Junior participate?,association football,baseball
What religious affiliation or worldview is associated with Urban VII?,Catholic Church,Jainism
What religious affiliation is associated with Callixtus III?,Catholic Church,Church of Scotland
What specific role does Craig Gordon fulfill on his team?,goalkeeper,power forward
What specific role did Fabien Barthez fulfill within a team?,goalkeeper,center
What specific role did Bill Walton fulfill on his team during his career?,center,shooting guard
What is the religious affiliation or worldview of Paul Ryan?,Catholic Church,Zoroastrianism
Where did Alfredo Jaar receive his education?,University of Chile,Sorbonne University
What type of athletic activity is commonly associated with the Fußball-Regionalliga Nord?,association football,rugby union
What type of activity is overseen by the Cyprus Football Association?,association football,basketball
What religious affiliation or worldview is associated with Susan Hayward?,Catholic Church,Church of Scotland
In which sport does Mike Phelan have a notable involvement?,association football,basketball
Who is credited as the writer of the literary work titled 'The Great Gatsby'?,F. Scott Fitzgerald,William S. Burroughs
In what athletic activity is Hakeem Olajuwon involved?,basketball,association football
In which athletic activity did Garrincha excel?,association football,rugby union
What specific role did Bert Trautmann fulfill within his team?,goalkeeper,small forward
What religious affiliation or worldview was associated with Celestine I?,Catholic Church,Nation of Islam
In which athletic discipline does Alexandre Pato actively participate?,association football,rugby
What religious affiliation or worldview was associated with Alfonso XIII of Spain?,Catholic Church,Church of Scotland
In what type of competitive activity does the Afghanistan national football team participate?,association football,rugby union
In what type of competitive activity is Estádio da Luz (1954) typically utilized?,association football,rugby union
In what type of competitive activity does the Tunisia national football team participate?,association football,basketball
In what type of competitive activity is Red Bull Arena typically used for?,association football,baseball
In which athletic discipline does Laurent Koscielny participate professionally?,association football,baseball
In what activity does the Timor-Leste national team compete?,association football,rugby
What faith was embraced by Ferdinand VI of Spain during his reign?,Catholic Church,Church of Scotland
What specific role does Valon Behrami typically fulfill within his team?,midfielder,defenseman
What type of athletic activity is Jack Butland involved in professionally?,association football,baseball
What type of athletic activity is practiced by S.C. Espinho?,association football,rugby
What specific role does Artur Boruc fulfill within his team?,goalkeeper,midfielder
What position is Lisa Leslie known for playing on her team or what is her specialty in sports?,center,goaltender
In which field does Mixu Paatelainen excel professionally?,association football,rugby union
What religious affiliation was commonly associated with the Kingdom of Hungary?,Catholic Church,Christian Science
What religious affiliation was embraced by Clement III during his lifetime?,Catholic Church,Quakers
What role does Joe Hart typically fulfill within a team?,goalkeeper,shooting guard
What religious affiliation was embraced by Benedict IX during his reign?,Catholic Church,Jainism
From which nation does Richard Branson hold citizenship?,United Kingdom,Benin
In which sport does Sergio Agüero excel professionally?,association football,basketball
What religious affiliation was associated with Otto of Freising?,Catholic Church,Church of Scotland
What type of athletic activity is practiced by the members of S.C. Salgueiros?,association football,rugby
In what athletic activity did Grant Hill achieve recognition?,basketball,rugby
What belief system is closely associated with the teachings and perspectives of Karen Armstrong?,Catholic Church,Church of Scotland
What specific role does John Wall fulfill on a team?,point guard,small forward
From which nation does Shivraj Singh Chauhan hold citizenship?,India,Albania
What specific role did Erik Spoelstra fulfill within his team?,point guard,power forward
From which nation does the American Locomotive Company originate?,United States of America,Germany
"In the realm of team sports, what role or position does Kasper Schmeichel typically assume?",goalkeeper,power forward
What type of sport is practiced by FC Andorra?,association football,rugby union
Who is credited as the developer of the aircraft known as Il-28?,Ilyushin,Apple
In what athletic activity does MSV Duisburg participate?,association football,Gaelic football
What specific role did Sam Cassell fulfill on his team?,point guard,shooting guard
"What specific role or position did Greg Oden play on a team, as indicated by the information?",center,power forward
In what athletic activity does the Yemeni League engage?,association football,rugby
What religious affiliation or worldview is associated with Amélie of Leuchtenberg?,Catholic Church,Buddhism
What type of athletic activity primarily takes place at Estádio do Dragão?,association football,rugby
What specific role does Rafael van der Vaart typically fulfill on a team?,midfielder,goaltender
Who is responsible for producing the Chevrolet Impala?,General Motors,Boeing
In which sport does Gabe Kapler participate professionally?,baseball,association football
What religious or worldview affiliation is associated with Chris Dodd?,Catholic Church,Church of Scotland
What type of athletic activity is Ciudad de Murcia primarily engaged in?,association football,basketball
What type of athletics does Esporte Clube Novo Hamburgo engage in?,association football,basketball
In what athletic discipline did Bob Cousy excel?,basketball,association football
Where did Ian Rankin hold his professional affiliation?,University of Edinburgh,BBC
What type of activity is Aston Villa F.C. engaged in?,association football,rugby
From which country does the musical genre known as bossa nova originate?,Brazil,German Empire
In which sporting realm does Luigi Delneri participate?,association football,basketball
What type of competition is the Hanshin Tigers associated with?,baseball,association football
What role does Tom Huddlestone typically assume on the team or in his specialty?,midfielder,goalkeeper
What was the religious affiliation or worldview of F. Scott Fitzgerald?,Catholic Church,Church of Scotland
What type of athletic activity is typically associated with Varzim S.C.?,association football,rugby union
In what athletic activity does Rio Ave F.C. actively participate?,association football,basketball
What religious affiliation was held by Leo XI?,Catholic Church,Christianity
What religious affiliation was Francis Spellman associated with?,Catholic Church,Church of Scotland
"In sports, what specific role does Hasheem Thabeet fulfill within a team?",center,shooting guard
Who holds the top leadership position at Telmex?,Carlos Slim,Armin Veh
What religious affiliation does Marcy Kaptur adhere to?,Catholic Church,Quakers
What nation does Akhilesh Yadav hold citizenship in?,India,Austria
Who is credited with establishing The Trump Entrepreneur Initiative?,Donald Trump,Ivanka Trump
What religious affiliation or worldview was associated with Gregory XV?,Catholic Church,Church of Scotland
Where did Johann Heinrich Pestalozzi work during his career?,University of Zurich,Moscow State University
What religious affiliation did Jacqueline Kennedy Onassis adhere to during her lifetime?,Catholic Church,Church of Scotland
Who is credited with the establishment of the political party known as Forza Italia?,Silvio Berlusconi,Roman Abramovich
What type of competition is Club Atlético Platense engaged in?,association football,rugby
What specific role did Muggsy Bogues fulfill within his team?,point guard,shooting guard
What is the religious affiliation or worldview associated with Hans Urs von Balthasar?,Catholic Church,Church of Scotland
What role did Wesley Sneijder typically fulfill on his team?,midfielder,power forward
What religious affiliation or worldview is associated with Clement VIII?,Catholic Church,Church of Scotland
In what sporting activity does Sydney United FC actively participate?,association football,rugby
What is the religious affiliation or worldview of Lukas Podolski?,Catholic Church,Ahmadiyya
What specific role did Andrew Bynum undertake within a team?,center,midfielder
What was the dominant religion or worldview associated with the Duchy of Parma?,Catholic Church,Church of Scotland
In what role does Paul Pogba typically contribute to his team's performance?,midfielder,starting pitcher
What religious affiliation is commonly associated with Fordham University?,Catholic Church,Jainism
In which athletic discipline does Danny Granger excel?,basketball,association football
What religious affiliation or belief system did Tancredo Neves adhere to?,Catholic Church,Christian Science
What spiritual affiliation or belief system was associated with Guillaume de Machaut?,Catholic Church,Christian Science
In which athletic discipline does Alain Perrin demonstrate prowess?,association football,baseball
In which athletic discipline is Gregg Popovich involved?,basketball,association football
What religious affiliation or worldview is associated with Mariana of Austria?,Catholic Church,Christian Science
In what athletic discipline does Ledley King excel?,association football,baseball
In what athletic activity does Amar'e Stoudemire participate?,basketball,association football
What type of athletic activity is practiced by the members of Club Atlético Lanús?,association football,basketball
What religious denomination was Innocent VIII associated with?,Catholic Church,Christian Science
Who is currently leading Sheffield United F.C. as their head coach?,Chris Wilder,David Healy
What faith or belief system does Ileana Ros-Lehtinen adhere to?,Catholic Church,Christianity
Who is credited as the author of the concept known as Memex?,Vannevar Bush,Noam Chomsky
In which sporting domain is Fabrizio Ravanelli recognized?,association football,baseball
What religious affiliation or worldview is associated with Henri Grégoire?,Catholic Church,Christianity
In which country does Dōgen hold citizenship?,Japan,Wales
In what role does Wojciech Szczęsny contribute to his team on the field?,goalkeeper,shooting guard
What religious affiliation is associated with Guillaume de Rubrouck?,Catholic Church,Islam
What role does Simon Mignolet typically fulfill on a team?,goalkeeper,midfielder
What is the religious affiliation or worldview associated with Nicholas of Tolentino?,Catholic Church,Church of Scotland
What faith or belief system was adhered to by Alexander VII?,Catholic Church,Buddhism
What specific role did Hope Solo fulfill on her team?,goalkeeper,midfielder
From which nation does Jim Henson hold citizenship?,United States of America,England
What is the religious affiliation or worldview of Máxima of the Netherlands?,Catholic Church,Sikhism
What specific role did Jerzy Dudek fulfill on his team?,goalkeeper,defenseman
What type of athletic activity is associated with the team Al-Quwa Al-Jawiya?,association football,basketball
What is the nationality of Eugene O'Neill?,United States of America,People's Republic of China
Where did John Ruskin hold a position during his career?,University of Oxford,University of Manchester
What religious affiliation is associated with the Congregation of Christian Brothers?,Catholic Church,Christianity
What religious affiliation or worldview was associated with Alfredo Stroessner during his lifetime?,Catholic Church,Church of Scotland
Where does Lionel Richie hold citizenship?,United States of America,United Kingdom
What faith or belief system did Paschal II adhere to?,Catholic Church,Islam
What religious or philosophical belief system was associated with Justus Lipsius?,Catholic Church,Church of Scotland
In which competitive field does Sporting Cristal primarily operate?,association football,rugby
What religious affiliation was associated with André-Hercule de Fleury?,Catholic Church,Christian Science
What type of sport is Larry Brown known for?,basketball,rugby
What faith does Salva Kiir Mayardit adhere to?,Christianity,African Methodist Episcopal Church
Where does Giorgio Armani hold his citizenship?,Italy,Tang dynasty
What is the religious affiliation or worldview of John Podesta?,Catholic Church,Christian Science
What religious affiliation or worldview is associated with Innocent XI?,Catholic Church,Christian Science
What religious affiliation does George Murphy adhere to?,Catholic Church,Christian Science
"In the realm of football, what specific role does Marouane Fellaini fulfill on the team?",midfielder,power forward
What type of athletic activity is C.D. Nacional involved in?,association football,basketball
In what sport does an assistant referee typically officiate?,association football,basketball
Who currently holds the position of head coach for Burton Albion F.C.?,Nigel Clough,Claude Makelélé
In which athletic discipline is Tayshaun Prince recognized?,basketball,baseball
What institution was Nicanor Parra affiliated with during his career?,University of Chile,Moscow State University
In what type of competitive activity do the Golden State Warriors participate?,basketball,association football
In what city was the company General Motors originally formed?,Detroit,Chicago
What religious affiliation was associated with John XIX?,Catholic Church,Church of Scotland
In what athletic activity does Chelsea F.C. participate?,association football,rugby
From which nation did the musical group known as The Beatles originate?,United Kingdom,Republic of Ireland
In which athletic discipline is Larry Bird recognized for his achievements?,basketball,association football
What religious affiliation was Clement IX associated with during his tenure?,Catholic Church,Quakers
Where did Raúl Ruiz pursue his education?,University of Chile,The Wharton School
What type of athletic activity is Martin Jol known for?,association football,rugby
In what sport would you find a participant designated as a goalkeeper?,association football,Gaelic football
Who was responsible for the development of the Xbox One gaming console?,Microsoft,Google
What style of music is often associated with the performances of Nat King Cole?,jazz,J-pop
What role did Yao Ming typically fulfill on a basketball team?,center,small forward
"In the realm of team sports, what role or position is Charles N'Zogbia known for on the field?",midfielder,goaltender
Who was responsible for the development of Windows Aero?,Microsoft,Electronic Arts
Who was responsible for developing iOS 6?,Apple Inc.,Google
What specific role does Pepe Reina fulfill within a team?,goalkeeper,midfielder
Who is currently leading Sporting Kansas City as their head coach?,Peter Vermes,Ståle Solbakken
Who played a key role in the development of the Resource Description Framework?,World Wide Web Consortium,Motorola
Which entity played a key role in the development of the iPod Touch?,Apple Inc.,Boeing
Which entity is credited as the developer of the aircraft known as Ju 88?,Junkers,Nintendo
Who is responsible for the development of the software framework known as DirectX?,Microsoft,Intel
What specific role did Esteban Cambiasso fulfill on his team?,midfielder,goaltender
Who was responsible for the development of OS X Mavericks?,Apple Inc.,Sony Interactive Entertainment
Who is responsible for the development of the iPhone 4S?,Apple Inc.,Valve Corporation
Which company is credited as the developer of the iPad Mini?,Apple Inc.,Microsoft
Who was responsible for the development of Windows Internet Explorer 8?,Microsoft,Dassault Aviation
"In the field of sports, what specific role or position does Mark Schwarzer assume on a team?",goalkeeper,goaltender
Who was responsible for the development of OS X Yosemite?,Apple Inc.,Google
"In the realm of sports, what specific role or position did Bruce Grobbelaar undertake on his team?",goalkeeper,defenseman
Who was responsible for the development of Windows Internet Explorer 7?,Microsoft,Lenovo
Who currently holds the highest executive position in the government of Pakistan?,Imran Khan,Cuauhtémoc Blanco
Where did Andrew Bogut receive his education?,University of Utah,Cooper Union
Which company is responsible for the development of macOS Sierra?,Apple Inc.,Microsoft
"In the realm of sports, what specific role or position did Kieron Dyer hold on the team?",midfielder,power forward
Who is the individual credited with founding CNN?,Ted Turner,Anderson Cooper
Where did Tom Brady pursue his education?,University of Michigan,University of California
In which athletic discipline is Jordi Cruyff involved?,association football,Gaelic football
Which company played a pivotal role in the development of Windows Server 2012?,Microsoft,Electronic Arts
Who played a key role in the development of the aircraft model known as Ju 188?,Junkers,Free Software Foundation
In which athletic activity does John Aloisi participate?,association football,Gaelic football
Who is the individual responsible for portraying Hannah Montana?,Miley Cyrus,Pink
Who is the entity responsible for the development of the iPhone 3G?,Apple Inc.,Tencent
Who is responsible for the development of the software tool known as File Explorer?,Microsoft,NeXT
Who is credited with the establishment of the franchise known as Star Trek?,Gene Roddenberry,Victoria
"In the realm of sports, what role or position did Júlio César fulfill for his team?",goalkeeper,starting pitcher
Who was responsible for producing the iPhone 3G?,Apple Inc.,Samsung Electronics
What specific role did David Seaman fulfill within his team?,goalkeeper,midfielder
Which company is responsible for producing the iPhone 3GS?,Apple Inc.,Samsung Electronics
In what type of athletic activity is Florentino Pérez involved?,association football,Muay Thai
Who was responsible for the development of the operating system known as MS-DOS?,Microsoft,IBM
Which company played a significant role in the development of the iPod?,Apple Inc.,Google
Who produced the device known as iPhone 6?,Apple Inc.,Samsung Electronics
Who is responsible for the development of the Windows Bitmap format?,Microsoft,AMD
Who was responsible for the development of Windows 3.0?,Microsoft,IBM
Which football club did Louis van Gaal serve under during his coaching career?,Manchester United F.C.,Samsunspor (football)
Who was responsible for the development of the product known as Apple Lisa?,Apple Inc.,Google
What specific role did Panagiotis Fasoulas fulfill within his team?,center,goaltender
"In the realm of sports, what specific role or position does Joey Barton typically fulfill on a team?",midfielder,shooting guard
What specific role did Mo Williams typically fulfill on his teams?,point guard,defenseman
Which company was responsible for the development of the iPod Nano?,Apple Inc.,Sony Interactive Entertainment
For whom does Anderson Cooper work?,CNN,National Review
Which company is responsible for producing the iPod?,Apple Inc.,Boeing
Who is the company responsible for developing the software suite known as iWork?,Apple Inc.,Microsoft
What specific role did Vlade Divac typically play on his team?,center,safety
Which company was responsible for producing Windows Phone 7.x?,Microsoft,SpaceX
Which company or entity played a role in the development of the software known as iPhoto?,Apple Inc.,Boeing
Who is currently leading the San Antonio Spurs as their head coach?,Gregg Popovich,Robert Prosinečki
"In the realm of basketball, what specific role or position did Jordan Farmar fulfill on the team?",point guard,power forward
What specific role did George Mikan fulfill within his team?,center,defender
